{"accuracy": 0.9666666666666667, "specificity": 0.475, "sensitivity": 0.9550561797752809}
