{"accuracy": 0.6952380952380952, "specificity": 0.4375, "sensitivity": 0.7415730337078652}